{"cameraMode":{"drawMode":0,"name":"Shaded","section":"Shading Mode"},"sceneLighting":true,"audioPlay":false,"sceneViewState":{"m_AlwaysRefresh":false,"showFog":true,"showSkybox":true,"showFlares":true,"showImageEffects":true,"showParticleSystems":true,"showVisualEffectGraphs":true,"m_FxEnabled":true},"in2DMode":false,"pivot":{"x":0.3681091070175171,"y":3.2190542221069338,"z":1.5673942565917969},"rotation":{"x":-0.049750279635190967,"y":-0.037720587104558948,"z":0.0018547193612903357,"w":-0.9979380369186401},"size":11.337575912475586,"orthographic":false}